"","lake_name","core_number","sample_ID","sample_range","depth_top","depth_bottom","depth_plot","bd","d13C","percent.C","C.mar","d15N","percent.N","N.mar","C:N","chlide_a_nmol_gDM","chl_c1_nmol_gDM","chl_c2_nmol_gDM","perid_nmol_gDM","fuco_nmol_gDM","sed_a_nmol_gDM","sed_b_nmol_gDM","sed_c_nmol_gDM","oscil_nmol_gDM","aphan_nmol_gDM","viola_nmol_gDM","diadino_nmol_gDM","myxo_nmol_gDM","allo_nmol_gDM","diato_nmol_gDM","lutein_nmol_gDM","zea_nmol_gDM","cantha_nmol_gDM","chl_b_nmol_gDM","okenone_nmol_gDM","chl_a_nmol_gDM","chl_ap_nmol_gDM","echine_nmol_gDM","isoren_nmol_gDM","phaeo_b_nmol_gDM","pheo_a_nmol_gDM","a_car_nmol_gDM","b_car_nmol_gDM","car_x_nmol_gDM","car_y_nmol_gDM","car_z_nmol_gDM","chlide_a_nmol_gTC","chl_c1_nmol_gTC","chl_c2_nmol_gTC","perid_nmol_gTC","fuco_nmol_gTC","sed_a_nmol_gTC","sed_b_nmol_gTC","sed_c_nmol_gTC","oscil_nmol_gTC","aphan_nmol_gTC","viola_nmol_gTC","diadino_nmol_gTC","myxo_nmol_gTC","allo_nmol_gTC","diato_nmol_gTC","lutein_nmol_gTC","zea_nmol_gTC","cantha_nmol_gTC","chl_b_nmol_gTC","okenone_nmol_gTC","chl_a_nmol_gTC","chl_ap_nmol_gTC","echine_nmol_gTC","isoren_nmol_gTC","phaeo_b_nmol_gTC","pheo_a_nmol_gTC","a_car_nmol_gTC","b_car_nmol_gTC","car_x_nmol_gTC","car_y_nmol_gTC","car_z_nmol_gTC","chla_pheoa","chls","chlb_pheob","all_chl","PI","AD_ratio","master_chl","perc_chlb","greens","cyanos","perc_diatox","fuco_flux","allo_flux","diato_flux","lutein_flux","cantha_flux","chl_b_flux","chl_a_flux","chl_ap_flux","echine_flux","phaeo_b_flux","pheo_a_flux","b_car_flux","year_CE_top","year_CE_plot","year_CE_bottom","duration","year_plot_extrap","weight","s"
"1","Turkey Creek Lake",2,"TRK2_002","0.5-1",0.5,1,0.75,0.086614231,-27.2037534451108,7.80834684666419,0.0019190777414631,0.15399955697329,0.739094261542252,0.000181649121641515,10.5647510107448,0,0,0,0,5.0880868461348,0,0,0,0,0,0,0,0,63.1190717964252,9.03814025142542,22.8805967090602,0,0,54.5705669564973,0,96.586591395059,17.1430359766995,7.50458015165876,0,44.1351610574862,11.1729152935498,0,52.9307949097194,0,0,0,0,0,0,0,65.1621520669063,0,0,0,0,0,0,0,0,808.353842828977,115.749728193575,293.027412311161,0,0,698.874781411771,0,1236.96594543981,219.547572787743,96.1097182160242,0,565.230540141045,143.089382592206,0,677.87453540607,0,0,0,1380.05532803201,1599.60290081976,1264.10532155282,1599.60290081976,8.64470810503854,6.98363491167009,2.08633316308231,3.95019204011739,858.257952452206,96.1097182160242,0.0838732519214552,0.125051235617434,1.55129386699925,0.222132726956694,0.56234238460488,0,1.34119503707722,2.37383381284139,0.421328860129208,0.184442020966663,1.08472134837984,0.2745996491724,1.30089393240243,2023.02921354609,2022.35947317202,2021.26713287866,1.76208066742902,2022.35947317202,0.802902430483707,0.024577260451525
"2","Turkey Creek Lake",2,"TRK2_004","1.5-2",1.5,2,1.75,0.107633855,-28.5004692666529,8.08192219219441,0.0019908824352603,0.119537647641286,0.864533811148274,0.000212967303863193,9.34830088537544,0,0,0,0,7.81295960413601,0,0,0,0,0,0,0,0,40.7914914314761,13.449770474699,15.9960199136817,0,0,65.5978815232269,0,124.133362241333,61.281457815928,9.3966779102699,0,151.900432253592,32.6105280778532,0,59.0000818365648,0,0,0,0,0,0,0,96.672046801958,0,0,0,0,0,0,0,0,504.725119364214,166.417965365825,197.923458470447,0,0,811.661878984456,0,1535.93859591004,758.253499088548,116.267859140556,0,1879.50871885773,403.499653948026,0,730.025363193271,0,0,0,1939.43824985806,2697.69174894661,2691.17059784218,2697.69174894661,3.80654253574125,3.03287639801815,0.771916583898857,4.65801816796557,2077.43217732817,116.267859140556,0.0858073029022731,0.19246267995868,1.00484837477687,0.331318604158579,0.394042336994785,0,1.61592337824053,3.05787317223567,1.50959357281005,0.231475638548251,3.74188089529245,0.803320373678736,1.45339467287601,2019.08245229192,2017.99011199856,2016.89777170519,2.18468058673238,2017.99011199856,0.995462571800029,0.0246337738463149
"3","Turkey Creek Lake",2,"TRK2_006","2.5-3",2.5,3,2.75,0.114678376,-28.5691870781045,8.88401517170349,0.00226242402989117,-0.287459272949672,0.852104081263501,0.000216998813279743,10.4259742055575,0,0,0,0,11.5401635408839,0,0,0,0,0,0,0,0,30.8312232644461,6.70644331602828,6.82534493428873,0,0,111.687253389945,0,182.633119643458,14.4005974119272,8.2348502298516,0,211.045996397004,117.361021576971,0,34.9099291377245,0,0,0,0,0,0,0,129.898062056901,0,0,0,0,0,0,0,0,347.041542236969,75.4888773421842,76.8272543706156,0,0,1257.17089887104,0,2055.74974956328,162.095596794956,92.6928879644472,0,2375.5699682865,1321.03580766924,0,392.952155787805,0,0,0,3376.78555723251,3538.88115402747,3632.74086715754,3538.88115402747,1.55616504687358,4.59725398569463,0.858558444514377,1.7982631163328,2452.39722265711,92.6928879644472,0.0223552476349881,0.293884497033827,0.785155124527412,0.170787850088465,0.173815826438643,0,2.84425365128574,4.65097763285472,0.366728973328459,0.209710617130776,5.37454658093918,2.98874315561757,0.889024399851869,2014.67964285629,2013.55385430075,2012.42806574521,2.25157711107613,2013.55385430075,1.02594436697509,0.025466233298399
"4","Turkey Creek Lake",2,"TRK2_008","3.5-4",3.5,4,3.75,0.116661077,-28.5016078280707,8.94263102637061,0.00196270892775389,-0.150396963923353,0.784487601174197,0.000172177607909395,11.3993274246598,0,0,0,0,5.51244605676156,0,0,0,0,0,0,0,0,32.1223251200668,11.4074241436901,8.72737697619234,0,0,21.6642663956892,0,81.7402613371268,6.23459097753048,4.6772554888886,0,195.066258400841,166.649119863367,0,47.2810881838488,0,0,0,0,0,0,0,61.6423292038563,0,0,0,0,0,0,0,0,359.204411155312,127.562281279985,97.5929449672751,0,0,242.258305545697,0,914.051592826382,69.7176363325906,52.3029014067114,0,2181.30724420607,1863.53567951021,0,528.715632395246,0,0,0,2777.5872723366,2847.30490866919,2423.56554975176,2847.30490866919,0.490493207549758,2.81591397982996,0.281028771237321,1.17052078379276,2278.90018917334,52.3029014067114,0.0459255709264089,0.120985949855953,0.705013704663109,0.250367628312879,0.191546544373065,0,0.475482539117068,1.794017221668,0.136835427251874,0.102655371538384,4.28127120237747,3.6575781153626,1.03771489194519,2010.17648863414,2009.0507000786,2007.5187920394,2.65769659473631,2009.0507000786,1.21099510076091,0.0219477793723807
"5","Turkey Creek Lake",2,"TRK2_010","4.5-5",4.5,5,4.75,0.131881526,-27.5475402353207,14.6772290795372,0.0031588961591226,0.787839896577688,0.588255181849422,0.000126606801900969,24.9504458819951,0,0,0,0,2.66548645215551,0,0,0,0,0,0,0,0,6.51169559314503,1.69879875368359,1.5918329184742,0,0,5.40266565871533,0,11.4619667700821,0.530200545844125,3.59551586702696,0,43.6504693678857,33.3960669885763,0,6.77354668494801,0,0,0,0,0,0,0,18.1606925783539,0,0,0,0,0,0,0,0,44.3659736988336,11.5743833149816,10.8455956492055,0,0,36.8098476179517,0,78.0935332409728,3.6124021977917,24.4972388694252,0,297.402657758763,227.536592960429,0,46.150037232788,0,0,0,305.630126201402,309.242528399194,334.212505376715,309.242528399194,0.343213072784974,3.83311771275167,0.217392908005855,1.30705419242383,308.248253407969,24.4972388694252,0.0378705576535817,0.0573677420327683,0.140147503912979,0.0365622749979082,0.0342601104396718,0,0.116278486258235,0.246689362207222,0.0114112034278102,0.077384233773736,0.939464113307009,0.718764469562541,0.145783175358019,2004.454975961,2002.9230679218,2001.39115988261,3.06381607839648,2002.9230679218,1.39604583454673,0.0215224286682742
"6","Turkey Creek Lake",2,"TRK2_012","5.5-6",5.5,6,5.75,0.147310804,-27.5537043207783,10.9393626027162,0.00466099070555769,0.899608376138015,0.618920461681857,0.000263706636679392,17.6749086190971,0,0,0,0,5.89870086418975,0,0,0,0,0,0,0,0,19.0780776572766,8.70110239099941,3.15660216221278,0,0,21.7557881601617,0,34.605802172474,1.69364082315016,1.61543978574619,0,120.271849648391,91.3119427416639,0,35.0333953385396,0,0,0,0,0,0,0,53.9217967116761,0,0,0,0,0,0,0,0,174.398439380184,79.5393909773039,28.855448684268,0,0,198.876195535925,0,316.342034076844,15.4820795749986,14.7672203986097,0,1099.4411102026,834.709900913162,0,320.250791667157,0,0,0,1151.05193499001,1166.534014565,1298.31730573853,1166.534014565,0.378984403720107,2.19260466087738,0.264264200311775,1.31715355119165,1128.29655888687,14.7672203986097,0.0691014788815715,0.251328993300094,0.812869505014806,0.370732362070932,0.13449497812207,0,0.926960098949619,1.47446728060938,0.072161829001773,0.0688298770248416,5.12448479596235,3.89057508999323,1.49268596340811,1998.99490432479,1998.13055680618,1997.26620928756,1.72869503722904,1998.13055680618,0.787690071522923,0.0426075163136139
"7","Turkey Creek Lake",2,"TRK2_014","6.5-7",6.5,7,6.75,0.192463167,-26.9533951656771,8.62974130601966,0.00480393391077688,1.31898743606708,0.543399919843123,0.000302495429408399,15.8811166187122,0,0,0,0,1.27992120126343,0,0,0,0,0,0,0,0,16.7169237591994,3.49443340366416,5.8013742814133,0,0,3.19156538067913,0,34.3338014623784,1.77841546775195,0.968823094228669,0,73.1365000771397,32.4606019730178,0,17.4347165638287,0,0,0,0,0,0,0,14.8315129721284,0,0,0,0,0,0,0,0,193.712918688983,40.4929102709791,67.2253556125322,0,0,36.9833262377501,0,397.854353275096,20.607981220844,11.2265601003922,0,847.493539883095,376.148030652726,0,202.030581747186,0,0,0,774.002383927822,794.610365148666,884.476866120845,794.610365148666,1.05770686233477,4.78387247033254,0.349477867119929,2.25308514419828,914.718895495627,11.2265601003922,0.052316260404122,0.0712496081149349,0.930584059045568,0.194525264796802,0.322946165491078,0,0.177665455046852,1.91126601924844,0.0989993798194658,0.0539316527676488,4.07130295540873,1.80699027992457,0.970541562669286,1995.53751425034,1994.67316673172,1993.80881921311,1.72869503722904,1994.67316673172,0.787690071522923,0.0556671832958179
"8","Turkey Creek Lake",2,"TRK2_016","7.5-8",7.5,8,7.75,0.141255647,-26.8134131225875,8.7006618707405,0.00348503681150622,1.3657101200435,0.557577516932466,0.000223336822031046,15.6043986827294,0,0,0,0,3.10448675983283,0,0,0,0,0,0,0,0,19.089594960602,5.30320629462138,5.10896951335343,0,0,2.2366765593049,0,23.0295820050444,1.408772462729,0.862378289823791,0,103.914262417345,45.5930967643877,0,21.9053206890148,0,0,0,0,0,0,0,35.6810413501175,0,0,0,0,0,0,0,0,219.403940116308,60.9517571583326,58.7193203144051,0,0,25.706970257362,0,264.687702466529,16.1915551214164,9.91164008710518,0,1194.3259485442,524.0187176761,0,251.766141638952,0,0,0,788.706420142629,804.897975264045,1220.03291880156,804.897975264045,0.505111160227935,3.5996327316105,0.167419203560513,2.27916657985187,1253.0452688586,9.91164008710518,0.0772806656592324,0.124349742578035,0.764630807894841,0.212419117422777,0.204638992842327,0,0.089589737659202,0.922446386648859,0.056428165633668,0.0345424305659622,4.16226989561362,1.82622452101949,0.877414271502635,1992.06283278481,1991.18119387513,1990.29955496544,1.7632778193647,1991.18119387513,0.803447919811515,0.0400548471286543
"9","Turkey Creek Lake",2,"TRK2_018","8.5-9",8.5,9,8.75,0.141748639,-27.043924947927,7.4499081260414,0.00299446385006387,0.407740837079546,0.658053142243733,0.000264502100231517,11.3211344917217,0,0,0,0,11.7412913568333,0,0,0,0,0,0,0,0,26.6480090418409,7.52697519235721,4.44301948965404,0,0,24.0010947882815,0,50.5030399184571,2.93667410565294,3.65253966975086,0,99.5471269290648,79.0701244827062,0,31.3725196195774,0,0,0,0,0,0,0,157.603169840326,0,0,0,0,0,0,0,0,357.695807666298,101.034470023146,59.6385809661641,0,0,322.166319130633,0,677.901513200171,39.4189304883867,49.0279827342203,0,1336.21952438708,1061.35704152262,0,421.112839095475,0,0,0,1739.25855472279,1778.67748521118,1658.38584351771,1778.67748521118,0.63871203250101,3.54033437879521,0.410369175408374,1.2589726850732,1395.85810535324,49.0279827342203,0.0580905407932573,0.471936994742333,1.07110716537613,0.302544068094672,0.178585574772285,0,0.964715396344818,2.0299515751815,0.118038562355654,0.146812521939178,4.00126106152664,3.17819529285021,1.26100717346916,1988.53627714608,1987.6546382364,1986.77299932672,1.7632778193647,1987.6546382364,0.803447919811515,0.0401946413217717
"10","Turkey Creek Lake",2,"TRK2_020","9.5-10",9.5,10,9.75,0.201352746,-27.72525595767,6.2890295140571,0.00208097980270126,0.863177206946473,0.601307926719226,0.000198967050148195,10.4589166957609,0,0,0,0,9.78134638293739,0,0,0,0,0,0,0,0,22.642300856082,12.9052082324242,4.74142351662382,0,0,14.5224056319039,0,78.4313701571844,3.27369606546994,3.89294616703604,0,42.3169651459121,98.3195414456225,0,33.9400357546711,0,0,0,0,0,0,0,155.530298610848,0,0,0,0,0,0,0,0,360.028535491405,205.201902830616,75.3919743264981,0,0,230.916480824963,0,1247.11404171147,52.0540738146108,61.9005867015667,0,672.869558829803,1563.34997674698,0,539.670479822189,0,0,0,2810.46401845845,2862.51809227306,903.786039654765,2862.51809227306,0.797719039409499,1.75450875710734,0.645915119796157,0.430402385158766,748.261533156301,61.9005867015667,0.0730135313894431,0.323655410117271,0.749212110753725,0.427021015266378,0.156889175859214,0,0.480532532707599,2.59521913246669,0.108323476256525,0.128813870701318,1.40022796177732,3.25329972616395,1.12304336862407,1983.73041006014,1982.20911542686,1980.68782079357,3.04258926657212,1982.20911542686,1.38637371276466,0.0330890449480305
"11","Turkey Creek Lake",2,"TRK2_022","10.5-11",10.5,11,10.75,0.250828653,-26.8051248701174,4.02788705586627,NA,1.7678249995505,0.470725937514325,NA,8.55675613953967,0,0,0,0,0,0,0,0,0,0,0,0,0,6.77841667697198,2.15383463713872,1.07461637678488,0,0,4.57282519934927,0,17.4676874152837,4.33151273621598,2.93738339075052,0,7.88695551274285,23.3564212642599,0,6.32360591560421,0,0,0,0,0,0,0,0,0,0,0,0,0,0,0,0,168.287158576103,53.4730643452836,26.679406892003,0,0,113.529131674369,0,433.668749222835,107.538088236797,72.9261607887559,0,195.808755393381,579.867829964182,0,156.995611542643,0,0,0,1013.53657918702,1121.07466742381,309.33788706775,1121.07466742381,0.747875165362462,3.1471388564801,0.61955252472234,0.33767825231049,222.488162285384,72.9261607887559,0.0527588894602853,NA,NA,NA,NA,NA,NA,NA,NA,NA,NA,NA,NA,NA,NA,NA,NA,1976.12393689371,NA,NA
"12","Turkey Creek Lake",2,"TRK2_024","11.5-12",11.5,12,11.75,0.285000938,-26.9101677409752,4.00097372469113,NA,1.951692154116,0.485346148747037,NA,8.24354686860087,0,0,0,0,0,0,0,0,0,0,0,0,0,9.1153233420748,1.89873915787117,2.33049341291023,0,0,7.59418239085212,0,35.3264157396081,1.0365541393963,0.795015880563146,0,8.56189926403275,10.5447371650661,0,8.7959764784133,0,0,0,0,0,0,0,0,0,0,0,0,0,0,0,0,227.82762320636,47.4569264515166,58.2481559058513,0,0,189.808354500963,0,882.945457042092,25.9075467804109,19.8705599003783,0,213.995388452438,263.554271801176,0,219.845894616375,0,0,0,1146.49972884327,1172.40727562368,403.803742953401,1172.40727562368,3.35014663586323,4.80072436716094,2.13077456545489,0.811959476088003,272.243544358289,19.8705599003783,0.0413928806589401,NA,NA,NA,NA,NA,NA,NA,NA,NA,NA,NA,NA,NA,NA,NA,NA,1973.94479378573,NA,NA
"13","Turkey Creek Lake",2,"TRK2_026","12.5-13",12.5,13,12.75,0.277922275,-27.045732015625,4.21607777942649,NA,2.10663273859347,0.506061507469628,NA,8.33115682025969,0,0,0,0,0,0,0,0,0,0,0,0,0,9.31904618884747,1.59929338158648,3.62971404045804,0,0,32.754225666131,0,42.4531933643128,4.91328136353938,2.97726101470014,0,9.68763379312971,60.1674673002483,0,17.1440368933405,0,0,0,0,0,0,0,0,0,0,0,0,0,0,0,0,221.035917181659,37.9332039221542,86.0921982552179,0,0,776.888553289131,0,1006.93572522487,116.53678182872,70.6168427259217,0,229.778346130216,1427.09576170183,0,406.634739449058,0,0,0,2434.03148692671,2550.56826875543,1006.66689941935,2550.56826875543,0.705583852357661,5.82697727392774,1.00587195495074,0.161011161476789,315.870544385434,70.6168427259217,0.0155845165216207,NA,NA,NA,NA,NA,NA,NA,NA,NA,NA,NA,NA,NA,NA,NA,NA,1971.76565067775,NA,NA
"14","Turkey Creek Lake",2,"TRK2_028","13.5-14",13.5,14,13.75,0.314026529,-26.6459529266232,4.13554491593964,NA,2.10901919641192,0.462420912198077,NA,8.94324803841957,0,0,0,0,0,0,0,0,0,0,0,0,0,3.53294856049089,4.01109937787085,2.83869717129565,0,0,1.9333594719122,0,21.5681893042959,1.46253789348211,1.61709935650437,0,17.6306665247948,47.0327313292716,0,11.2487224376246,0,0,0,0,0,0,0,0,0,0,0,0,0,0,0,0,85.4288523593066,96.9908309400983,68.6414300653453,0,0,46.7498119645721,0,521.531980493442,35.3650588546396,39.1024493597345,0,426.320276605894,1137.28014772596,0,272.000973662954,0,0,0,1658.8121282194,1694.17718707404,473.070088570466,1694.17718707404,0.458578285690003,0.880793076327675,0.355405916158689,0.374859507974654,494.961706671239,39.1024493597345,0.0584700517256346,NA,NA,NA,NA,NA,NA,NA,NA,NA,NA,NA,NA,NA,NA,NA,NA,1969.58650756977,NA,NA
"15","Turkey Creek Lake",2,"TRK2_030","14.5-15",14.5,15,14.75,0.323888823,-26.4634227310717,3.95999196112107,NA,2.06984214753985,0.46283494221801,NA,8.55594856806595,0,0,0,0,0,0,0,0,0,0,0,0,0,9.21501461810069,1.00542464686011,2.15886251040596,0,0,4.94977479640036,0,17.0979467773679,1.72859317823483,0.90956616861216,0,9.1589534227695,17.0205593166313,0,6.78376601849553,0,0,0,0,0,0,0,0,0,0,0,0,0,0,0,0,232.702861737425,25.3895628256648,54.5168407310299,0,0,124.994566781875,0,431.767209257857,43.651431497994,22.9688892690243,0,231.287172112759,429.812976484246,0,171.307570447064,0,0,0,861.580185742102,905.231617240096,356.281738894634,905.231617240096,1.00454670491709,9.16529612326367,0.790011390914061,0.538111189672833,285.804012843789,22.9688892690243,0.0294686011189963,NA,NA,NA,NA,NA,NA,NA,NA,NA,NA,NA,NA,NA,NA,NA,NA,1967.4073644618,NA,NA
"16","Turkey Creek Lake",2,"TRK2_032","15.5-16",15.5,16,15.75,0.357711302,-25.7313674610773,3.94731829685263,NA,2.77550824976438,0.452187680300218,NA,8.72938045156806,0,0,0,0,0,0,0,0,0,0,0,0,0,3.42710220788279,2.57754064977674,1.64442668310064,0,0,4.30273176600508,0,11.2577713023788,2.04378593334093,0.813219734439688,0,10.7849412735452,18.4004896729552,0,5.65765809536416,0,0,0,0,0,0,0,0,0,0,0,0,0,0,0,0,86.8210250644182,65.2985256302214,41.6593383009376,0,0,109.003922218176,0,285.200494506742,51.7765677769266,20.601828210512,0,273.22198167157,466.151657636192,0,143.329158428274,0,0,0,751.352152142934,803.128719919861,382.225903889746,803.128719919861,0.611819114733959,1.32960161391815,0.4982674758786,0.586122514413122,314.881319972507,20.601828210512,0.0869080170250172,NA,NA,NA,NA,NA,NA,NA,NA,NA,NA,NA,NA,NA,NA,NA,NA,1965.22822135382,NA,NA
"17","Turkey Creek Lake",2,"TRK2_034","16.5-17",16.5,17,16.75,0.338570425,-25.3736004779108,4.88134158088914,NA,2.75462185664663,0.443324840160828,NA,11.0107558582061,0,0,0,0,0,0,0,0,0,0,0,0,0,0.153181579450605,0.315380454588706,0.47918124607577,0,0,3.5732608468893,0,1.4782006579744,0.324140069319284,0.217249059691331,0,3.2270077446933,1.87019643233889,0,0.598952455545887,0,0,0,0,0,0,0,0,0,0,0,0,0,0,0,0,3.13810408290875,6.46093803030395,9.81658911049791,0,0,73.2024339554298,0,30.2826719556295,6.64038899855564,4.45060146050585,0,66.1090335764926,38.3131645542051,0,12.2702426294205,0,0,0,68.5958365098346,75.2362255083902,139.311467531922,75.2362255083902,0.790398608624089,0.485704098722197,0.931772873169472,1.72549133817861,75.9256226869906,4.45060146050585,0.0941884866347194,NA,NA,NA,NA,NA,NA,NA,NA,NA,NA,NA,NA,NA,NA,NA,NA,1963.04907824584,NA,NA
"18","Turkey Creek Lake",2,"TRK2_036","17.5-18",17.5,18,17.75,0.361010547,-25.13554465744,4.17203291078093,NA,2.47982674821416,0.409091984428502,NA,10.1982758635793,0,0,0,0,0,0,0,0,0,0,0,0,0,0.403283243634171,0.394554947752943,0.381678636285815,0,0,0.729662949314339,0,2.41250711091037,0.790940711755546,0.53637060566715,0,3.37019066769559,1.98786306611754,0,0.335923444962324,0,0,0,0,0,0,0,0,0,0,0,0,0,0,0,0,9.66634857055055,9.45713891022707,9.14850492429053,0,0,17.4893862277266,0,57.8256970283293,18.9581608934982,12.8563368779071,0,80.7805388827757,47.647348633821,0,8.05179278653977,0,0,0,105.47304566215,124.431206555649,98.2699251105023,124.431206555649,1.21361835834205,1.02212187663832,0.511005512858959,1.6953837138681,89.9290438070663,12.8563368779071,0.0896640354969936,NA,NA,NA,NA,NA,NA,NA,NA,NA,NA,NA,NA,NA,NA,NA,NA,1960.86993513786,NA,NA
"19","Turkey Creek Lake",2,"TRK2_038","18.5-19",18.5,19,18.75,0.392998515,-25.3422450963246,4.86405843618214,NA,2.32664951929344,0.429837190642346,NA,11.3160483598763,0,0,0,0,0,0,0,0,0,0,0,0,0,0.496230109171291,0.879869698891622,1.05469782472061,0,0,4.80294346695838,0,2.76946465861872,1.4196594074806,0.962731548539609,0,4.480095115498,5.17934848928448,0,0.554818333492206,0,0,0,0,0,0,0,0,0,0,0,0,0,0,0,0,10.2019767172203,18.089209051161,21.6834941141961,0,0,98.7435395765573,0,56.9373229157276,29.1867259842156,19.7927627961491,0,92.1061120929807,106.48203670328,0,11.4064898843545,0,0,0,163.419359619008,192.606085603224,190.849651669538,192.606085603224,0.534712940121416,0.563981359735874,0.683485668216593,0.864992020669558,113.789606207177,19.7927627961491,0.110691958978017,NA,NA,NA,NA,NA,NA,NA,NA,NA,NA,NA,NA,NA,NA,NA,NA,1958.69079202988,NA,NA
"20","Turkey Creek Lake",2,"TRK2_040","19.5-20",19.5,20,19.75,0.359557592,-25.4047880568534,4.33361388587694,NA,2.70750168480702,0.413591933135639,NA,10.477994222522,0,0,0,0,0,0,0,0,0,0,0,0,0,0.198643224427771,0.264175393437271,0.788745185085102,0,0,0.691349738664544,0,0.93149021142222,0.268230656146694,0.217008088580263,0,3.0448862259132,6.31370156414656,0,1.32808339808482,0,0,0,0,0,0,0,0,0,0,0,0,0,0,0,0,4.58377764283848,6.09596056303509,18.200633601798,0,0,15.9531918825907,0,21.4945363373951,6.18953749019602,5.00755476364618,0,70.2620562444741,145.691372845251,0,30.6460943004864,0,0,0,167.185909182646,173.375446672843,86.2152481270648,173.375446672843,0.147534723008108,0.751936892543853,0.168574899293573,0.482266416139164,88.4626898462721,5.00755476364618,0.0364621671338067,NA,NA,NA,NA,NA,NA,NA,NA,NA,NA,NA,NA,NA,NA,NA,NA,1956.5116489219,NA,NA
"21","Turkey Creek Lake",2,"TRK2_042","20.5-21",20.5,21,20.75,0.356983142,-25.3611729177231,4.22115495591293,NA,2.62187785331382,0.402058120586007,NA,10.4988675511902,0,0,0,0,0,0,0,0,0,0,0,0,0,0.593174447332595,0.95634504498632,1.13212469450717,0,0,1.13789924745046,0,8.58738843513844,1.77931646340078,1.20663032634837,0,3.72690722553288,3.99050046895419,0,1.50863862378969,0,0,0,0,0,0,0,0,0,0,0,0,0,0,0,0,14.0524205703864,22.6560042209937,26.8202590601728,0,0,26.957059367283,0,203.436939056439,42.1523607160723,28.585312288954,0,88.2911730191824,94.5357493537249,0,35.7399488894956,0,0,0,297.972688410164,340.125049126236,115.248232386465,340.125049126236,2.1519577561631,0.620251498601197,1.02406761751748,0.933944815826475,115.111432079355,28.585312288954,0.0760338282742458,NA,NA,NA,NA,NA,NA,NA,NA,NA,NA,NA,NA,NA,NA,NA,NA,1954.33250581392,NA,NA
"22","Turkey Creek Lake",2,"TRK2_044","21.5-22",21.5,22,21.75,0.502782736,-25.4403942071559,3.88349894494339,NA,2.42259043086347,0.400821190679342,NA,9.68885636600536,0,0,0,0,0,0,0,0,0,0,0,0,0,0.291375522635074,1.146984815173,1.4398281688165,0,0,0.764529778355004,0,2.37504263410226,0.289921050817677,0.224193017797503,0,4.05243883000739,8.31384247302277,0,1.48660884416916,0,0,0,0,0,0,0,0,0,0,0,0,0,0,0,0,7.502912367582,29.5348300961034,37.075539075175,0,0,19.6866225327673,0,61.1572879965563,7.46545975492478,5.77296456046214,0,104.3501977845,214.081234239757,0,38.2801402870171,0,0,0,275.238522236314,282.703981991239,124.036820317267,282.703981991239,0.285673278247565,0.254036076834309,0.248065914614801,0.487432717561943,141.425736859675,5.77296456046214,0.107306309655105,NA,NA,NA,NA,NA,NA,NA,NA,NA,NA,NA,NA,NA,NA,NA,NA,1952.15336270594,NA,NA
"23","Turkey Creek Lake",2,"TRK2_046","22.5-23",22.5,23,22.75,0.34382088,-26.6416273536699,3.99015721065308,NA,2.4776538820104,0.447732555775557,NA,8.91192109928521,0,0,0,0,0,0,0,0,0,0,0,0,0,2.15536864017971,4.06406929598751,4.99461081321246,0,0,3.61766883873398,0,6.97329481773666,5.40301289098567,0.502944066181702,0,18.812231999384,39.7980502347672,0,7.61091101763995,0,0,0,0,0,0,0,0,0,0,0,0,0,0,0,0,54.0171358267593,101.852360231248,125.173283896626,0,0,90.664819648594,0,174.762407834936,135.408521663269,12.6046178040034,0,471.465934955104,997.405569096696,0,190.742134102387,0,0,0,1172.16797693163,1307.5764985949,562.130754603698,1307.5764985949,0.175216996224726,0.530347413688964,0.16544943727341,0.472692302472393,596.63921885173,12.6046178040034,0.0868922903847501,NA,NA,NA,NA,NA,NA,NA,NA,NA,NA,NA,NA,NA,NA,NA,NA,1949.97421959796,NA,NA
"24","Turkey Creek Lake",2,"TRK2_048","23.5-24",23.5,24,23.75,0.254030788,-26.5938320529257,4.53465552269521,NA,2.44552154196653,0.512896595971881,NA,8.84126655998282,0,0,0,0,0,0,0,0,0,0,0,0,0,5.14123305264487,11.1634146958107,3.67223220531755,0,0,7.30839108610631,0,25.655441238811,4.34921872110936,1.59278447876263,0,6.40738307107801,25.4588235645779,0,11.7221500518599,0,0,0,0,0,0,0,0,0,0,0,0,0,0,0,0,113.376485312144,246.179994046728,80.9815031580377,0,0,161.167503232142,0,565.763840503644,95.9106750081067,35.1247072857245,0,141.298121522354,561.427950528121,0,258.501444998247,0,0,0,1127.19179103176,1223.10246603987,302.465624754496,1223.10246603987,1.00772296778499,0.460543050019831,0.910215246685192,0.251676321760323,222.279624680392,35.1247072857245,0.218401159417059,NA,NA,NA,NA,NA,NA,NA,NA,NA,NA,NA,NA,NA,NA,NA,NA,1947.79507648998,NA,NA
"25","Turkey Creek Lake",2,"TRK2_050","24.5-25",24.5,25,24.75,0.325702337,-25.4446430439733,4.27953507493529,NA,2.84390466810318,0.460850930244324,NA,9.28615913320704,0,0,0,0,0,0,0,0,0,0,0,0,0,0.952789636459686,1.89153658860006,2.41936242412111,0,0,1.5638847535641,0,2.77249048993236,0.459015479741282,0.31127795954891,0,9.12820961885831,8.1130805875056,0,1.93246404161737,0,0,0,0,0,0,0,0,0,0,0,0,0,0,0,0,22.2638585681902,44.1995813909449,56.5333005047912,0,0,36.5433330065123,0,64.7848525922944,10.7258258596753,7.27363963838097,0,213.299095790127,189.578551067917,0,45.1559341792892,0,0,0,254.363403660211,265.089229519886,249.842428796639,265.089229519886,0.341730919596939,0.503711977977045,0.244988720556421,1.12512251300893,269.832396294918,7.27363963838097,0.173765489669215,NA,NA,NA,NA,NA,NA,NA,NA,NA,NA,NA,NA,NA,NA,NA,NA,1945.615933382,NA,NA
"26","Turkey Creek Lake",2,"TRK2_052","25.5-26",25.5,26,25.75,0.34722118,-25.8090159371843,4.38995813039596,NA,2.64123056996747,0.489193034050004,NA,8.97387702774858,0,0,0,0,0,0,0,0,0,0,0,0,0,7.80512192809228,4.68997215503913,1.75818196011987,0,0,10.1842131356999,0,10.8339384137526,2.14567917782937,0.877122976591357,0,11.4095723661057,37.0386400190962,0,14.5100878981625,0,0,0,0,0,0,0,0,0,0,0,0,0,0,0,0,177.79490592518,106.834097632182,40.0500849415002,0,0,231.988844385204,0,246.789105771617,48.8769850211724,19.980212807001,0,259.901621546368,843.712830941179,0,330.529072650945,0,0,0,1090.5019367128,1139.37892173397,491.890465931572,1139.37892173397,0.292503677461345,1.6642149825359,0.415428639705793,0.308045121533167,299.951706487868,19.980212807001,0.097967820171161,NA,NA,NA,NA,NA,NA,NA,NA,NA,NA,NA,NA,NA,NA,NA,NA,1943.43679027402,NA,NA
"27","Turkey Creek Lake",2,"TRK2_054","26.5-27",26.5,27,26.75,0.235979133,-25.6108465194471,4.71196693515695,NA,2.81165421013316,0.516664784104016,NA,9.11996923368465,0,0,0,0,0,0,0,0,0,0,0,0,0,4.96592227687269,0.975866357619025,4.59882665151458,0,0,10.1770825805583,0,27.0033314724408,5.27354503655765,1.20291742055442,0,12.9311336885972,9.87923642055435,0,19.3868475320709,0,0,0,0,0,0,0,0,0,0,0,0,0,0,0,0,105.38958242302,20.7103821195749,97.5988735659793,0,0,215.983743532346,0,573.079816646492,111.918124832555,25.5289868776286,0,274.431757831647,209.662685594064,0,411.438530848375,0,0,0,782.742502240556,894.66062707311,490.415501363993,894.66062707311,2.7333419631763,5.08873191303452,1.32390422988013,1.30892035964371,372.030631397627,25.5289868776286,0.0264587422559687,NA,NA,NA,NA,NA,NA,NA,NA,NA,NA,NA,NA,NA,NA,NA,NA,1941.25764716604,NA,NA
"28","Turkey Creek Lake",2,"TRK2_056","27.5-28",27.5,28,27.75,0.409239507,-26.0068025640409,4.35818426706958,NA,2.87423821502869,0.481617553485538,NA,9.04912409821381,0,0,0,0,0,0,0,0,0,0,0,0,0,5.64400817391828,7.9352571950718,4.35808681336908,0,0,4.55617310956966,0,27.4493855822244,2.57295431446043,1.38152713868961,0,19.484533425589,39.4910108184957,0,15.3841880816589,0,0,0,0,0,0,0,0,0,0,0,0,0,0,0,0,129.503660883831,182.077138294279,99.9977638921504,0,0,104.542920408301,0,629.835360327276,59.0372998659479,31.6996036429303,0,447.079155712025,906.13449084495,0,352.995356297846,0,0,0,1535.96985117223,1595.00715103817,551.622076120326,1595.00715103817,0.695079336114851,0.71125711935632,0.520005515022438,0.493391610438682,547.076919604175,31.6996036429303,0.1185421303389,NA,NA,NA,NA,NA,NA,NA,NA,NA,NA,NA,NA,NA,NA,NA,NA,1939.07850405806,NA,NA
"29","Turkey Creek Lake",2,"TRK2_058","28.5-29",28.5,29,28.75,0.171052734,-28.3768631558243,5.92161342127043,NA,1.63209815230889,0.575154443345164,NA,10.2956927305119,0,0,0,0,0,0,0,0,0,0,0,0,0,16.0384017006264,6.24283808625115,2.18454972313642,0,0,6.62573446920779,0,12.4808443825438,1.0441991364191,0.631930512477681,0,10.4833478987602,45.7727199987203,0,20.75300039162,0,0,0,0,0,0,0,0,0,0,0,0,0,0,0,0,270.845132223871,105.42461390382,36.8911235456459,0,0,111.890695961478,0,210.767631971931,17.6336930855421,10.6715934918647,0,177.035330626346,772.977172645292,0,350.46192507392,0,0,0,983.744804617223,1001.37849770277,288.926026587825,1001.37849770277,0.272669930537069,2.56908820620359,0.333446593546376,0.229030477084458,213.926454171992,10.6715934918647,0.107166628386761,NA,NA,NA,NA,NA,NA,NA,NA,NA,NA,NA,NA,NA,NA,NA,NA,1936.89936095008,NA,NA
"30","Turkey Creek Lake",2,"TRK2_060","29.5-30",29.5,30,29.75,0.105792409,-28.6800592994861,7.25968937460739,NA,1.48127640268052,0.649396201346849,NA,11.1791374195765,0,0,0,0,0,0,0,0,0,0,0,0,0,22.1644104905072,21.0518655980286,36.6037597984718,0,0,4.72189835821162,0,23.7255449533339,5.3543898728171,3.00287341917549,0,77.8374345855145,41.2499921890164,0,33.9257128155771,0,0,0,0,0,0,0,0,0,0,0,0,0,0,0,0,305.307973203825,289.983007698137,504.205592135977,0,0,65.042705197934,0,326.812122793023,73.7550822979484,41.3636626062653,0,1072.18684669582,568.206021779647,0,467.316314307344,0,0,0,895.01814457267,968.773226870619,1137.22955189375,968.773226870619,0.575164835053018,1.05284780521223,0.228600353787521,1.88696846847501,1576.3924388318,41.3636626062653,0.323996792083573,NA,NA,NA,NA,NA,NA,NA,NA,NA,NA,NA,NA,NA,NA,NA,NA,1934.72021784211,NA,NA
"31","Turkey Creek Lake",2,"TRK2_062","30.5-31",30.5,31,30.75,0.18152344,-28.5673501658424,6.36494341650672,NA,1.65582402052504,0.581915324132156,NA,10.937920265288,0,0,0,0,0,0,0,0,0,0,0,0,0,11.2272687470238,11.2903560734312,22.7875089259273,0,0,6.39541776896955,0,17.4638596285034,4.39983577215852,1.11942478026474,0,38.6203278514747,47.8512031652442,0,21.3330586308237,0,0,0,0,0,0,0,0,0,0,0,0,0,0,0,0,176.392278962091,177.383447654083,358.015891654757,0,0,100.478784342117,0,274.375724742705,69.1260783363457,17.5873484964792,0,606.766240078702,751.793064509385,0,335.164937609641,0,0,0,1026.16878925209,1095.29486758844,707.245024420818,1095.29486758844,0.364961766336273,0.994412281951334,0.262561005084313,0.807092095847776,964.782131733458,17.5873484964792,0.172859913020125,NA,NA,NA,NA,NA,NA,NA,NA,NA,NA,NA,NA,NA,NA,NA,NA,1932.54107473413,NA,NA
"32","Turkey Creek Lake",2,"TRK2_064","31.5-32",31.5,32,31.75,0.16805819,-28.7785003838691,6.77166563603156,NA,1.5467340582966,0.624094298360551,NA,10.8503885611841,NA,NA,NA,NA,NA,NA,NA,NA,NA,NA,NA,NA,NA,NA,NA,NA,NA,NA,NA,NA,NA,NA,NA,NA,NA,NA,NA,NA,NA,NA,NA,NA,NA,NA,NA,NA,NA,NA,NA,NA,NA,NA,NA,NA,NA,NA,NA,NA,NA,NA,NA,NA,NA,NA,NA,NA,NA,NA,NA,NA,NA,NA,NA,NA,NA,NA,NA,NA,NA,NA,NA,NA,NA,NA,NA,NA,NA,NA,NA,NA,NA,NA,NA,NA,NA,NA,NA,NA,NA,1930.36193162615,NA,NA
"33","Turkey Creek Lake",2,"TRK2_066","32.5-33",32.5,33,32.75,0.168596168,-28.2646312149217,7.0632652196094,NA,1.55885218742041,0.615075261443418,NA,11.4835787786909,0,0,0,0,0,0,0,0,0,0,0,0,0,14.7724558165163,13.3395436447456,23.1092130292399,0,0,4.20132836980036,0,20.4680396825036,5.81936250205275,1.65314217697795,0,61.3872718888827,49.4162525608959,0,25.7026660413747,0,0,0,0,0,0,0,0,0,0,0,0,0,0,0,0,209.144855208102,188.858031377778,327.174646721221,0,0,59.4813905350236,0,289.781553518325,82.3891262910069,23.4047869587059,0,869.106142559339,699.623347339471,0,363.892126972914,0,0,0,989.404900857796,1071.7940271488,928.587533094363,1071.7940271488,0.414196516769068,1.10741838026334,0.211531104203356,1.24224862687098,1196.28078928056,23.4047869587059,0.190880428441421,NA,NA,NA,NA,NA,NA,NA,NA,NA,NA,NA,NA,NA,NA,NA,NA,1928.18278851817,NA,NA
"34","Turkey Creek Lake",2,"TRK2_068","33.5-34",33.5,34,33.75,0.111468297,-28.7614602859888,8.07211127318451,NA,1.33663153460257,0.692039900566847,NA,11.6642281269804,NA,NA,NA,NA,NA,NA,NA,NA,NA,NA,NA,NA,NA,NA,NA,NA,NA,NA,NA,NA,NA,NA,NA,NA,NA,NA,NA,NA,NA,NA,NA,NA,NA,NA,NA,NA,NA,NA,NA,NA,NA,NA,NA,NA,NA,NA,NA,NA,NA,NA,NA,NA,NA,NA,NA,NA,NA,NA,NA,NA,NA,NA,NA,NA,NA,NA,NA,NA,NA,NA,NA,NA,NA,NA,NA,NA,NA,NA,NA,NA,NA,NA,NA,NA,NA,NA,NA,NA,NA,1926.00364541019,NA,NA
"35","Turkey Creek Lake",2,"TRK2_070","34.5-35",34.5,35,34.75,0.159434509,-28.9154052529458,7.58644367346367,NA,1.5355764636017,0.654196459706685,NA,11.5965831989753,0,0,0,0,0,0,0,0,0,0,0,0,0,16.4361859769901,14.0338366483244,28.69317503275,0,0,4.61189407347913,0,20.8858816861583,5.4776859643792,1.32336312136473,0,106.246772522946,55.3869358800637,0,31.4755982851068,0,0,0,0,0,0,0,0,0,0,0,0,0,0,0,0,216.652053115238,184.985709409704,378.216411638496,0,0,60.7912517641289,0,275.305302261904,72.2036068565221,17.443787607541,0,1400.48192665798,730.077731596421,0,414.892664334992,0,0,0,1005.38303385832,1077.58664071485,1461.2731784221,1077.58664071485,0.377090397840117,1.1711826486845,0.152579516532436,1.9182641327734,1778.69833829647,17.443787607541,0.183995256713047,NA,NA,NA,NA,NA,NA,NA,NA,NA,NA,NA,NA,NA,NA,NA,NA,1923.82450230221,NA,NA
"36","Turkey Creek Lake",2,"TRK2_072","35.5-36",35.5,36,35.75,0.10480855,-29.3097913159427,7.6657441152392,NA,1.40136110060591,0.674247262223486,NA,11.3693366584236,NA,NA,NA,NA,NA,NA,NA,NA,NA,NA,NA,NA,NA,NA,NA,NA,NA,NA,NA,NA,NA,NA,NA,NA,NA,NA,NA,NA,NA,NA,NA,NA,NA,NA,NA,NA,NA,NA,NA,NA,NA,NA,NA,NA,NA,NA,NA,NA,NA,NA,NA,NA,NA,NA,NA,NA,NA,NA,NA,NA,NA,NA,NA,NA,NA,NA,NA,NA,NA,NA,NA,NA,NA,NA,NA,NA,NA,NA,NA,NA,NA,NA,NA,NA,NA,NA,NA,NA,NA,1921.64535919423,NA,NA
"37","Turkey Creek Lake",2,"TRK2_074","36.5-37",36.5,37,36.75,0.242985615,-27.1896503147668,5.28709970508128,NA,2.41760700134013,0.489108810029795,NA,10.8096595208727,0,0,0,0,0,0,0,0,0,0,0,0,0,6.72758782806828,6.02162920063866,10.9853878963484,0,0,2.92740149543238,0,7.90988605761935,1.77499932852894,0.719077877707146,0,42.8423243752906,42.5799321905225,0,12.5122556225589,0,0,0,0,0,0,0,0,0,0,0,0,0,0,0,0,127.245336826211,113.892862562275,207.777203176076,0,0,55.3687590309473,0,149.607279961401,33.5722688721577,13.6006112579277,0,810.318071628497,805.355195961222,0,236.656320487653,0,0,0,954.962475922623,988.53474479478,865.686830659444,988.53474479478,0.185765586056521,1.11723714694268,0.124284731691367,1.00616234388524,1018.09527480457,13.6006112579277,0.119264228107224,NA,NA,NA,NA,NA,NA,NA,NA,NA,NA,NA,NA,NA,NA,NA,NA,1919.46621608625,NA,NA
"38","Turkey Creek Lake",2,"TRK2_076","37.5-38",37.5,38,37.75,0.139432511,-28.4773868939575,7.7581897922092,NA,1.59304055631043,0.679718711365497,NA,11.4138240752909,NA,NA,NA,NA,NA,NA,NA,NA,NA,NA,NA,NA,NA,NA,NA,NA,NA,NA,NA,NA,NA,NA,NA,NA,NA,NA,NA,NA,NA,NA,NA,NA,NA,NA,NA,NA,NA,NA,NA,NA,NA,NA,NA,NA,NA,NA,NA,NA,NA,NA,NA,NA,NA,NA,NA,NA,NA,NA,NA,NA,NA,NA,NA,NA,NA,NA,NA,NA,NA,NA,NA,NA,NA,NA,NA,NA,NA,NA,NA,NA,NA,NA,NA,NA,NA,NA,NA,NA,NA,1917.28707297827,NA,NA
"39","Turkey Creek Lake",2,"TRK2_078","38.5-39",38.5,39,38.75,0.141815859,-29.6384862818698,6.6955852952586,NA,1.63621579865927,0.604884577822149,NA,11.0691949187491,0,0,0,0,0,0,0,0,0,0,0,0,0,12.0211540613139,9.96284572840118,20.0002912420198,0,0,8.11263147243232,0,16.4195637812601,3.69421507058348,0.867731063182376,0,100.340432154695,45.8191642959929,0,23.2660406610249,0,0,0,0,0,0,0,0,0,0,0,0,0,0,0,0,179.538509797292,148.797234133605,298.708632032255,0,0,121.16388806483,0,245.229700723661,55.1738930605439,12.9597492215781,0,1498.60583847314,684.319029263045,0,347.483298846189,0,0,0,929.548729986706,984.72262304725,1619.76972653797,984.72262304725,0.358355811013692,1.20659843472684,0.163707516042795,2.18992279096347,1797.3144705054,12.9597492215781,0.160074700049058,NA,NA,NA,NA,NA,NA,NA,NA,NA,NA,NA,NA,NA,NA,NA,NA,1915.10792987029,NA,NA
"40","Turkey Creek Lake",2,"TRK2_080","39.5-40",39.5,40,39.75,0.163088392,-28.8303537695406,6.74331280567642,NA,1.56501454214756,0.560491961136137,NA,12.0310606989037,NA,NA,NA,NA,NA,NA,NA,NA,NA,NA,NA,NA,NA,NA,NA,NA,NA,NA,NA,NA,NA,NA,NA,NA,NA,NA,NA,NA,NA,NA,NA,NA,NA,NA,NA,NA,NA,NA,NA,NA,NA,NA,NA,NA,NA,NA,NA,NA,NA,NA,NA,NA,NA,NA,NA,NA,NA,NA,NA,NA,NA,NA,NA,NA,NA,NA,NA,NA,NA,NA,NA,NA,NA,NA,NA,NA,NA,NA,NA,NA,NA,NA,NA,NA,NA,NA,NA,NA,NA,1912.92878676231,NA,NA
"41","Turkey Creek Lake",2,"TRK2_082","40.5-41",40.5,41,40.75,0.138770544,-29.2556236534538,7.48443614840748,NA,1.35075026319247,0.677833858081181,NA,11.0416971049432,0,0,0,0,0,0,0,0,0,0,0,0,0,11.6084898913293,3.74110320554154,1.35207867019589,0,0,1.94894337150402,0,15.4078291987198,2.42503785156484,1.66520515728618,0,60.8795242194812,75.7588748621212,0,25.8498883532243,0,0,0,0,0,0,0,0,0,0,0,0,0,0,0,0,155.101729257177,49.9851041729785,18.0652041568099,0,0,26.039949207379,0,205.864929477663,32.4010760928308,22.2489059197932,0,813.414972247909,1012.2188680605,0,345.381907743639,0,0,0,1218.08379753816,1250.484873631,839.454921455288,1250.484873631,0.20337985782869,3.10295900795629,0.124811905652564,0.803595939489334,831.480176404719,22.2489059197932,0.0410358501393763,NA,NA,NA,NA,NA,NA,NA,NA,NA,NA,NA,NA,NA,NA,NA,NA,1910.74964365433,NA,NA
