"","lake_name","core_number","sample_ID","sample_range","depth_top","depth_bottom","depth_plot","bd","d13C","percent.C","C.mar","d15N","percent.N","N.mar","C.N","fuco_nmol_gTC","allo_nmol_gTC","diato_nmol_gTC","lutein_nmol_gTC","cantha_nmol_gTC","chl_b_nmol_gTC","chl_a_nmol_gTC","chl_ap_nmol_gTC","echine_nmol_gTC","phaeo_b_nmol_gTC","pheo_a_nmol_gTC","b_car_nmol_gTC","chla_pheoa","chlb_pheob","all_chl","PI","AD_ratio","master_chl","perc_chlb","perc_diatox","fuco_flux","allo_flux","diato_flux","lutein_flux","cantha_flux","chl_b_flux","chl_a_flux","chl_ap_flux","echine_flux","phaeo_b_flux","pheo_a_flux","b_car_flux","year_CE_top","year_CE_plot","year_CE_bottom","duration","weight","s","year_top_extrap","year_plot_extrap","year_bottom_extrap"
"1","Upper Fourmile Lake",1,"UFM1_002","0.5-1",0.5,1,0.75,0.0972407573392418,-30.109518991873,9.72269294638255,0.00057960171581828,2.01798290195604,0.97483145513884,5.81129103992041e-05,9.97371688729289,13.9307781107664,135.868226249468,71.6443838400349,352.700641007485,9.93251679896163,241.720405974345,238.865442154513,101.673611036641,70.58004151995,291.95479270579,1024.05379956435,391.386776722589,1262.91924171887,533.675198680135,1364.59285275551,0.233254778465867,1.89642535767814,0.338994061580146,0.285097123637441,0.0567291885920789,0.00807430289568392,0.0787494570593782,0.0415252078024277,0.204425896698146,0.00575690377907206,0.140101562051022,0.138446820122448,0.0589301994102775,0.0409083131674885,0.169217498793646,0.593543339317729,0.226848447336999,2018.6266277446,2014.65242722902,2010.47066478176,8.15596296284571,1.01181460163587,0.0059613290167096,2018.18462046836,2014.7,2010.5
"2","Upper Fourmile Lake",1,"UFM1_004","1.5-2",1.5,2,1.75,0.136494508777221,-29.3513769113607,7.23886061034113,0.000629772197307823,2.00248490212398,0.69241052223547,6.02388855788093e-05,10.4545791519318,32.5653283790303,159.176367993334,102.772966192956,354.050931891722,27.0430562334264,206.382580620141,239.547943248891,122.550463507708,88.8804803956361,759.090678723747,462.97544980146,479.61460307237,702.523393050351,965.473259343888,825.07385655806,0.517409602067707,1.54881554838536,0.331641396150581,1.63959164368061,0.1462911658311,0.0205087384093127,0.10024485103064,0.0647235567431806,0.222971433336332,0.017030964946044,0.129974011283205,0.150860634580424,0.0771788746843417,0.0559744554365346,0.478054204695741,0.291569066321043,0.302047942437806,2002.10713988722,1997.92537743995,1994.26251982191,7.8446200653118,0.973189942441672,0.00869988014975944,2002.1,1997.9,1994.25
"3","Upper Fourmile Lake",1,"UFM1_006","2.5-3",2.5,3,2.75,0.134127700039804,-29.078948940283,7.04860740658946,0.000639937627250576,2.37103702623147,0.651659356863252,5.91636501441192e-05,10.8163986787787,12.8756211111916,81.3705172564999,51.668251487126,176.62960368097,15.7295161643255,101.981780602265,103.016695651741,65.965192733858,43.2119318012248,324.256722429814,213.541991780486,230.600758927458,316.558687432228,426.23850303208,382.523880166086,0.482418913454918,1.57486492990332,0.339534168730902,1.5184681931933,0.163218554847552,0.00823959442327337,0.0520720557412766,0.0330644582608575,0.11303192948181,0.010065909251998,0.0652619787014025,0.06592425978257,0.042213608919232,0.0276529411057895,0.207504077571784,0.136653555538367,0.147570102510219,1986.93680458582,1983.27394696778,1979.55004172276,7.38676286305622,0.916388973038458,0.00907892283307372,1986.95,1983.3,1979.575
"4","Upper Fourmile Lake",1,"UFM1_008","3.5-4",3.5,4,3.75,0.125798052089003,-29.2816700909143,6.43287076251952,0.000485564926365744,2.77970220720844,0.592819512828318,4.47471080519449e-05,10.8513141408395,7.3133543923803,53.8513841097193,35.2595061752954,116.730447235549,11.7180613676737,40.572527766823,140.255939029429,51.0023224095871,34.8581282467239,319.053254280442,195.561090049879,148.063501387796,335.817029079307,359.625782047265,386.819351488894,0.717197572347627,1.52728696318073,0.319701446986186,1.63147614997987,0.104996182808134,0.00355110838702273,0.0261483433599292,0.0171207795196998,0.0566802110165698,0.00568987960514375,0.0197005964575695,0.0681033647071827,0.0247649389252931,0.0169258844753682,0.154921069921434,0.0949576062900738,0.0718944431488193,1972.10223123274,1968.37832598773,1963.76923015169,8.33300108105118,1.03377764313844,0.00754818407350633,1972.125,1968.4,1963.775
"5","Upper Fourmile Lake",1,"UFM1_010","4.5-5",4.5,5,4.75,0.177674648848201,-29.3858008140505,6.17326739833846,0.000638934665840304,2.69622054192647,0.573858676229668,5.93945115086135e-05,10.757469833684,12.453776636749,69.4819624760737,50.6869912065935,141.163369561867,11.209925598816,34.0399100760642,72.7626164586712,45.8053180577813,35.5672774202691,399.585677772267,216.764486492226,174.645644448334,289.527102950898,433.625587848332,335.332421008679,0.335675910921324,1.37080463491854,0.161295238635137,1.84340933442802,0.175068208433633,0.007957149613851,0.0443944344765788,0.0323856757890353,0.090194170359903,0.00716241006657414,0.0217492785696841,0.0464905580326873,0.0292666055869574,0.022725166513369,0.255309141501995,0.138498344742956,0.111587156476061,1954.55103847961,1949.94194264357,1945.96774212799,8.58329635161772,1.06482883974555,0.0103500241381456,1954.525,1949.9,1948.496875
"6","Upper Fourmile Lake",1,"UFM1_012","5.5-6",5.5,6,5.75,0.175523035794149,-28.8473098660027,5.9311548072205,NA,2.77662531102734,0.543034267097624,NA,10.9222477596505,27.3185600531666,59.3523143202794,39.7491092752284,112.931679085133,7.57227952975421,30.750185453723,71.4353017736944,39.4976725297509,34.9315853904317,449.457867755751,223.81704969801,103.702842075234,295.252351471704,480.208053209474,334.750024001455,0.319168275473562,1.49317344218497,0.143363379377118,2.00814847824235,0.134627579008588,NA,NA,NA,NA,NA,NA,NA,NA,NA,NA,NA,NA,NA,NA,NA,NA,NA,NA,1945.690625,1944.2875,1942.884375
"7","Upper Fourmile Lake",1,"UFM1_014","6.5-7",6.5,7,6.75,0.138083228492819,-28.3458354650863,5.87024766866282,NA,2.75649489865562,0.540118339976876,NA,10.8688837254992,18.1029362078951,73.3240182230421,42.9797958954358,111.604928306973,9.57205792351233,25.5650133075446,108.633615591988,35.6353089073359,31.5474236299368,296.608048206549,192.846695463211,114.875938548618,301.480311055199,322.173061514093,337.115619962535,0.563315929946601,1.70601131753696,0.255572597958955,1.53805097616065,0.14256253002063,NA,NA,NA,NA,NA,NA,NA,NA,NA,NA,NA,NA,NA,NA,NA,NA,NA,NA,1940.078125,1938.675,1937.271875
"8","Upper Fourmile Lake",1,"UFM1_016","7.5-8",7.5,8,7.75,0.156654733424776,-28.6150022819602,7.03218086574799,NA,2.62686928015807,0.616268043766122,NA,11.4109127300729,8.5872927320892,64.0031368338212,41.4328748275564,104.139155812169,9.446577103423,45.1868905763224,70.6474836684433,51.4139186841711,34.8659694645653,304.992477475948,183.550139587901,122.637663505889,254.197623256344,350.179368052271,305.611541940516,0.384894742259843,1.54474284249409,0.214525367461839,1.66163032161514,0.162994737310244,NA,NA,NA,NA,NA,NA,NA,NA,NA,NA,NA,NA,NA,NA,NA,NA,NA,NA,1934.465625,1933.0625,1931.659375
"9","Upper Fourmile Lake",1,"UFM1_018","8.5-9",8.5,9,8.75,0.14134426979021,-28.8821660261518,8.27904350155816,NA,2.75459869406607,0.70844190279918,NA,11.6862702062741,13.3144644947475,51.3102268238467,38.3768924082264,72.1206495473606,7.63450919032602,27.9478505951145,64.5134843726106,42.1380630699335,32.0888441869122,260.387673623226,179.930498425162,103.54214431707,244.443982797773,288.33552421834,286.582045867706,0.358546688511751,1.33700838197227,0.1916470930157,1.44715696283989,0.15699667453044,NA,NA,NA,NA,NA,NA,NA,NA,NA,NA,NA,NA,NA,NA,NA,NA,NA,NA,1928.853125,1927.45,1926.046875
"10","Upper Fourmile Lake",1,"UFM1_020","9.5-10",9.5,10,9.75,0.159299973014539,-29.0944376806456,8.96114138595179,NA,2.70848298614155,0.758938679613976,NA,11.8074643270386,13.441818820018,38.5133021227844,31.2518760482478,75.4937765108553,6.37271675156445,41.2088629654502,85.1836762887423,45.9429390975471,31.831028850972,262.517403951795,184.422160762249,116.615277948606,269.605837050991,303.726266917245,315.548776148538,0.46189501270706,1.23235168549005,0.256435434970334,1.42345910527653,0.115916911852087,NA,NA,NA,NA,NA,NA,NA,NA,NA,NA,NA,NA,NA,NA,NA,NA,NA,NA,1923.240625,1921.8375,1920.434375
"11","Upper Fourmile Lake",1,"UFM1_022","10.5-11",10.5,11,10.75,0.115902963584074,-29.0911764370855,8.72932392839527,NA,2.83997029116504,0.744385577600007,NA,11.7268848175964,13.0573734779711,38.5351053209952,31.6983805427746,75.1239727056058,7.41207087368824,34.4379308629272,77.6668844336293,57.3687745492088,40.3308936159428,318.328324282686,175.886306923525,104.10882890495,253.553191357154,352.766255145613,310.921965906363,0.441574365805513,1.21568056983211,0.203241820052624,1.80985279553965,0.125016689291536,NA,NA,NA,NA,NA,NA,NA,NA,NA,NA,NA,NA,NA,NA,NA,NA,NA,NA,1917.628125,1916.225,1914.821875
"12","Upper Fourmile Lake",1,"UFM1_024","11.5-12",11.5,12,11.75,0.130740282349252,-29.0077221572043,8.33243198568459,NA,2.65705525822271,0.71795375529827,NA,11.6058059787192,15.7970288621534,57.3167851182061,40.1862864940333,81.8160693029476,7.12034707777155,58.8661234281471,80.1452828829313,57.8562813455276,38.3893927040843,296.981432854806,186.76579749467,101.627815490415,266.911080377601,355.847556282953,324.767361723129,0.429121841140205,1.42627722336863,0.256666368126063,1.59012751177464,0.150560577841809,NA,NA,NA,NA,NA,NA,NA,NA,NA,NA,NA,NA,NA,NA,NA,NA,NA,NA,1912.015625,1910.6125,1909.209375
"13","Upper Fourmile Lake",1,"UFM1_026","12.5-13",12.5,13,12.75,0.12227180039553,-29.0835833029721,8.50110197538764,NA,2.84538624276663,0.725598496156502,NA,11.7159862105807,10.8562569315858,40.1436757584062,31.5639251083369,79.9305456989308,6.28719029245114,56.3230515433213,76.1438163824117,57.4188279983322,37.8741881434043,294.312142206963,178.738172549829,98.7590028017286,254.881988932241,350.635193750284,312.300816930573,0.426007580228472,1.27182141069658,0.249716443896686,1.64661044704882,0.123837408992944,NA,NA,NA,NA,NA,NA,NA,NA,NA,NA,NA,NA,NA,NA,NA,NA,NA,NA,1906.403125,1905,1900.91666666667
"14","Upper Fourmile Lake",1,"UFM1_028","13.5-14",13.5,14,13.75,0.142187240644574,-29.0124763448669,8.8727996970201,NA,2.8639912451861,0.741560269657368,NA,11.9650418989136,45.7059535737554,36.4769430888117,24.6699953057389,62.3506936100467,4.97976275089993,18.4363992557255,53.1178202271077,33.5782614453236,19.5166088662092,172.440540458175,137.811053182869,95.3600888495335,190.928873409976,190.8769397139,224.5071348553,0.385439476735026,1.47859546127786,0.208109384407179,1.25128236433513,0.129210395814601,NA,NA,NA,NA,NA,NA,NA,NA,NA,NA,NA,NA,NA,NA,NA,NA,NA,NA,1892.75,1888.66666666667,1884.58333333333
"15","Upper Fourmile Lake",1,"UFM1_030","14.5-15",14.5,15,14.75,0.107077613613831,-28.977602607094,9.06145258394829,NA,2.80055382801973,0.752578535425654,NA,12.0405408304971,7.68643050272074,48.7430388361788,32.4535451256314,76.8503465393408,5.41932498516027,38.3663067060113,59.1863381784068,38.4509579493336,28.9942744271117,295.749288418636,186.411238925549,103.537066715517,245.597577103956,334.115595124648,284.048535053289,0.317504129684183,1.50193264395273,0.187380892738888,1.58654215337711,0.13214114531714,NA,NA,NA,NA,NA,NA,NA,NA,NA,NA,NA,NA,NA,NA,NA,NA,NA,NA,1876.41666666667,1872.33333333333,1868.25
"16","Upper Fourmile Lake",1,"UFM1_032","15.5-16",15.5,16,15.75,0.107205439731581,-29.0338263500135,9.07136869546527,NA,2.65852012482159,0.751732927968263,NA,12.0672759672545,7.24062105378303,37.7712556119718,30.1389652569864,80.2347597603473,5.15227992175429,32.7099709887014,59.2484394998074,39.0115103144387,30.7728409099012,315.176670393817,174.111581049814,119.737622006502,233.360020549621,347.886641382518,272.37153086406,0.340290055047265,1.25323664199839,0.174064834295005,1.81019934741529,0.129152222330121,NA,NA,NA,NA,NA,NA,NA,NA,NA,NA,NA,NA,NA,NA,NA,NA,NA,NA,1860.08333333333,1856,1851.91666666667
"17","Upper Fourmile Lake",1,"UFM1_034","16.5-17",16.5,17,16.75,0.113452583521521,-29.0403763360454,9.09086262410412,NA,2.77695343256909,0.755557940010324,NA,12.0319860896173,21.9797642133923,67.1439487405674,45.9688164742279,108.074060789969,7.57305964210504,101.854266654378,72.0513682781664,64.2149523577857,47.2132778035682,337.969166968622,201.676052769457,121.242034079726,273.727421047624,439.823433623,337.942373405409,0.35726288415874,1.46064123226255,0.287989907214706,1.67580217049848,0.167936468689522,NA,NA,NA,NA,NA,NA,NA,NA,NA,NA,NA,NA,NA,NA,NA,NA,NA,NA,1843.75,1839.66666666667,1835.58333333333
"18","Upper Fourmile Lake",1,"UFM1_036","17.5-18",17.5,18,17.75,0.12925458867628,-29.0505447767872,8.90342728976947,NA,3.09999126390489,0.738782450288448,NA,12.0514872629869,12.566228225142,39.6299647465709,36.9062884208871,78.7125836234244,7.5169396973326,45.2917324684227,63.8448781536371,53.349253620594,37.1491505279088,259.142741059152,183.10962918883,106.381496304332,246.954507342468,304.434473527574,300.303760963062,0.348670238897145,1.07379978974375,0.22021035720214,1.41523273356593,0.14944569677243,NA,NA,NA,NA,NA,NA,NA,NA,NA,NA,NA,NA,NA,NA,NA,NA,NA,NA,1827.41666666667,1823.33333333333,1819.25
"19","Upper Fourmile Lake",1,"UFM1_038","18.5-19",18.5,19,18.75,0.128262251888732,-29.0696040389303,8.66753316202008,NA,2.78235928099282,0.713119107410008,NA,12.1543975921496,12.5718135609055,59.3017395594778,57.3926507934461,96.4047404883226,15.1421130833253,28.7176740543082,68.7143289570931,41.2062849063444,34.0336037133868,245.391233445186,262.874130302849,71.78989139466,331.588459259942,274.108907499495,372.794744166287,0.261396314950921,1.03326364507718,0.177319436316698,0.93349327741942,0.173083981636569,NA,NA,NA,NA,NA,NA,NA,NA,NA,NA,NA,NA,NA,NA,NA,NA,NA,NA,1811.08333333333,1807,1802.91667326733
"20","Upper Fourmile Lake",1,"UFM1_040","19.5-20",19.5,20,19.75,0.165792293873594,-29.2922352206225,8.61939932833086,NA,2.82952813022517,0.712980174747137,NA,12.0892552606919,14.9587721791274,59.4460274199761,66.0151740329562,88.8397931293833,14.8219270095059,31.6356760157127,69.5312180571687,37.0505510732068,31.3005393420428,247.848158894375,283.841775597842,69.9245311177661,353.372993655011,279.483834910087,390.423544728218,0.244964709337512,0.900490353782894,0.177878833387963,0.873191264296257,0.186814428997947,NA,NA,NA,NA,NA,NA,NA,NA,NA,NA,NA,NA,NA,NA,NA,NA,NA,NA,1794.75001980198,1790.66669306931,1786.58336633663
"21","Upper Fourmile Lake",1,"UFM1_042","20.5-21",20.5,21,20.75,0.158266692369364,-29.4655311616217,8.61996894595502,NA,2.83481785047833,0.704853158680622,NA,12.2294535248878,14.2380397570762,63.3558970515969,65.5733617365797,111.334758588111,12.3661246603354,28.3198237932112,49.2915585894513,36.7122854710944,45.1395306111751,287.072102094926,213.960745189157,79.7020726039271,263.252303778609,315.391925888137,299.964589249703,0.230376644771329,0.966183452757985,0.144327447437813,1.34170453482546,0.249089412686492,NA,NA,NA,NA,NA,NA,NA,NA,NA,NA,NA,NA,NA,NA,NA,NA,NA,NA,1778.41671287129,1774.33338613861,1770.25005940594
"22","Upper Fourmile Lake",1,"UFM1_044","21.5-22",21.5,22,21.75,0.123154142854093,-29.1965733498389,8.69287866892652,NA,2.84559335974119,0.709512851032438,NA,12.2518974198666,12.1322080504235,48.520389006915,36.925707804915,82.9343592505207,6.2292440766789,50.0548960747237,56.5072842926508,47.0157770742197,32.3268985052328,267.723245710087,184.247048120498,128.87645567622,240.754332413149,317.778141784811,287.770109487369,0.3066930236825,1.3140002424126,0.213557424907967,1.45306667564625,0.153375050138447,NA,NA,NA,NA,NA,NA,NA,NA,NA,NA,NA,NA,NA,NA,NA,NA,NA,NA,1762.08340594059,1758.00007920792,1753.91675247525
"23","Upper Fourmile Lake",1,"UFM1_046","22.5-23",22.5,23,22.75,0.157958050558286,-28.8103932181543,8.29123180319101,NA,2.49044317625635,0.67976978243943,NA,12.1971173438116,12.0461685678906,48.0686320577508,37.1219662515012,94.7130125718698,7.83047458187785,55.4080036135553,62.1366589937537,43.6957099530371,29.4288934355881,199.8137169387,186.477195093608,150.444484610598,248.613854087362,255.221720552255,292.309564040399,0.333213179030081,1.29488378207356,0.273368185420697,1.07151824564069,0.149315758720577,NA,NA,NA,NA,NA,NA,NA,NA,NA,NA,NA,NA,NA,NA,NA,NA,NA,NA,1745.7500990099,1741.66677227723,1737.58344554455
"24","Upper Fourmile Lake",1,"UFM1_048","23.5-24",23.5,24,23.75,0.128020108887594,-28.7076912920605,8.43047086075664,NA,2.64181322267282,0.682943709247085,NA,12.3443129303451,12.7234773557519,52.390629601837,39.1671885239389,90.907988513783,6.71981650686535,64.8821858445816,61.167858847664,40.5615579898998,29.4654312846207,234.436040304083,181.729132944894,145.234956385932,242.896991792558,299.318226148665,283.458549782458,0.336588074000287,1.33761527381053,0.275985695758015,1.29003003814018,0.161250200074066,NA,NA,NA,NA,NA,NA,NA,NA,NA,NA,NA,NA,NA,NA,NA,NA,NA,NA,1729.41679207921,1725.33346534653,1721.25013861386
"25","Upper Fourmile Lake",1,"UFM1_050","24.5-25",24.5,25,24.75,0.16797473195329,-28.9848380350801,8.43540164835056,NA,2.51546316690652,0.690306902014655,NA,12.2197845968683,12.0090966345874,35.7672642371359,54.4327762793903,99.9531014673061,11.4227134746231,12.9244075453277,45.4145031345295,38.2740136911733,20.8585296791908,242.656444935992,163.630857606691,74.8125135114591,209.045360741221,255.58085248132,247.319374432394,0.277542413446792,0.657090574501495,0.131228041103713,1.48295039508531,0.26038739193439,NA,NA,NA,NA,NA,NA,NA,NA,NA,NA,NA,NA,NA,NA,NA,NA,NA,NA,1713.08348514851,1709.00015841584,1704.91683168317
"26","Upper Fourmile Lake",1,"UFM1_052","25.5-26",25.5,26,25.75,0.0818096732953286,-29.0885234298384,8.02180341596015,NA,2.93353588422554,0.662147434576494,NA,12.1148297147611,3.25819105851904,35.148010998074,44.2062084600422,64.1211363268362,8.08708026046648,57.9728093954372,43.7861815305461,36.1722404392344,24.5299378630624,418.906831963997,196.83738355389,87.6322927112127,240.623565084436,476.879641359434,276.79580552367,0.222448504140772,0.795092187782723,0.156092072835597,2.12818736157052,0.183715208626928,NA,NA,NA,NA,NA,NA,NA,NA,NA,NA,NA,NA,NA,NA,NA,NA,NA,NA,1696.75017821782,1692.66685148515,1688.58352475248
"27","Upper Fourmile Lake",1,"UFM1_054","26.5-27",26.5,27,26.75,0.166996132783861,-29.3261646145518,7.57072782033822,NA,2.89305270995482,0.638310407546688,NA,11.8605739947683,15.6033315253681,62.6228206025945,75.4501420123912,115.447329978938,8.59324818041447,19.4126410702117,46.9763763414125,58.9901100420011,51.8575330594224,458.086146226222,382.759278914099,87.4262186093726,429.735655255511,477.498787296433,488.725765297512,0.122730862265929,0.829989433185029,0.0737790571897927,1.19679958517486,0.175573381192981,NA,NA,NA,NA,NA,NA,NA,NA,NA,NA,NA,NA,NA,NA,NA,NA,NA,NA,1680.41687128713,1676.33354455446,1672.25021782178
"28","Upper Fourmile Lake",1,"UFM1_056","27.5-28",27.5,28,27.75,0.240633240232742,-29.33458829924,7.1447734087098,NA,2.64135066141564,0.61655472320332,NA,11.58822265052,NA,NA,NA,NA,NA,NA,NA,NA,NA,NA,NA,NA,NA,NA,NA,NA,NA,NA,NA,NA,NA,NA,NA,NA,NA,NA,NA,NA,NA,NA,NA,NA,NA,NA,NA,NA,NA,NA,1664.08356435644,1660.00023762376,1655.91691089109
"29","Upper Fourmile Lake",1,"UFM1_058","28.5-29",28.5,29,28.75,0.206234041312654,-29.2999778518073,7.01241664616733,NA,2.72178264150609,0.607913350641693,NA,11.5352239571071,31.9207836268495,47.0132642670746,46.1029520807261,62.2309436073104,4.62310166329835,46.5338926831181,45.0569616256329,29.0776078474437,29.7541505971212,280.57963962291,210.719378607138,109.343145836367,255.776340232771,327.113532306028,284.853948080215,0.213824480327632,1.01974520383759,0.176008778486357,1.33153220874867,0.180247133252316,NA,NA,NA,NA,NA,NA,NA,NA,NA,NA,NA,NA,NA,NA,NA,NA,NA,NA,1647.75025742574,1643.66693069307,1639.5836039604
"30","Upper Fourmile Lake",1,"UFM1_060","29.5-30",29.5,30,29.75,0.169112026644361,-29.6100684513824,6.77799264019735,NA,2.70007990376283,0.579190419314969,NA,11.7025289337727,NA,NA,NA,NA,NA,NA,NA,NA,NA,NA,NA,NA,NA,NA,NA,NA,NA,NA,NA,NA,NA,NA,NA,NA,NA,NA,NA,NA,NA,NA,NA,NA,NA,NA,NA,NA,NA,NA,1631.41695049505,1627.33362376238,1623.2502970297
"31","Upper Fourmile Lake",1,"UFM1_062","30.5-31",30.5,31,30.75,0.212579156889628,-29.4802139359597,6.16845635456055,NA,2.79309831465655,0.548589160213113,NA,11.2442184460303,22.9965025701162,64.5399045075794,74.4917488655316,73.3033441953946,6.25365227384723,103.124083295,81.7887143279627,44.2772096135462,43.1267635121116,205.993978912718,301.191228545646,186.233115884641,382.979942873608,309.118062207718,427.257152487155,0.271550784273811,0.866403400248842,0.335313508044284,0.683930869791248,0.194505613809952,NA,NA,NA,NA,NA,NA,NA,NA,NA,NA,NA,NA,NA,NA,NA,NA,NA,NA,1615.08364356436,1611.00031683168,1606.91699009901
"32","Upper Fourmile Lake",1,"UFM1_064","31.5-32",31.5,32,31.75,0.209044203057766,-29.2207910626801,5.55072328183181,NA,2.91616734277565,0.504854992706667,NA,10.9947765133823,NA,NA,NA,NA,NA,NA,NA,NA,NA,NA,NA,NA,NA,NA,NA,NA,NA,NA,NA,NA,NA,NA,NA,NA,NA,NA,NA,NA,NA,NA,NA,NA,NA,NA,NA,NA,NA,NA,1598.75033663366,1594.66700990099,1590.58368316832
"33","Upper Fourmile Lake",1,"UFM1_066","32.5-33",32.5,33,32.75,0.187751705745672,-29.3935703480553,5.94921618601512,NA,2.78666342651066,0.537461703744579,NA,11.0690978437459,18.8489789969462,52.8033221256663,62.9766811964207,54.1901940064938,5.02893209762522,70.7084412261239,56.0654296023616,32.164102403071,32.378779548775,228.745029132961,278.493846579742,83.0405371066007,334.559276182104,299.453470359085,366.723378585175,0.201316583080438,0.838458316991583,0.235026271585166,0.821364751653366,0.18823773746492,NA,NA,NA,NA,NA,NA,NA,NA,NA,NA,NA,NA,NA,NA,NA,NA,NA,NA,1582.41702970297,1578.3337029703,1574.25037623762
"34","Upper Fourmile Lake",1,"UFM1_068","33.5-34",33.5,34,33.75,0.175816985158526,-29.5349003443676,7.2269608984761,NA,2.72376437343119,0.638694657746349,NA,11.3152048648358,NA,NA,NA,NA,NA,NA,NA,NA,NA,NA,NA,NA,NA,NA,NA,NA,NA,NA,NA,NA,NA,NA,NA,NA,NA,NA,NA,NA,NA,NA,NA,NA,NA,NA,NA,NA,NA,NA,1566.08372277228,1562.0003960396,1557.91706930693
"35","Upper Fourmile Lake",1,"UFM1_070","34.5-35",34.5,35,34.75,0.178647455252658,-29.5077640898818,7.03143766740915,NA,3.06476216705581,0.628295515039497,NA,11.1912905616828,11.4115262252325,55.0851266638016,57.2484276417195,73.2767106408551,5.31803820153048,124.849787431457,91.4426630189134,72.59087041171,59.7350526023364,403.0347821692,291.514600517488,131.45820648488,382.957263536402,527.884569600657,455.548133948112,0.313681245661751,0.962212045517536,0.281946423195482,1.38255436075498,0.149490382067862,NA,NA,NA,NA,NA,NA,NA,NA,NA,NA,NA,NA,NA,NA,NA,NA,NA,NA,1549.75041584158,1545.66708910891,1541.58376237624
"36","Upper Fourmile Lake",1,"UFM1_072","35.5-36",35.5,36,35.75,0.173181448493027,-29.700461208719,6.83484600955046,NA,2.8016791515328,0.604254737053352,NA,11.3111997150086,NA,NA,NA,NA,NA,NA,NA,NA,NA,NA,NA,NA,NA,NA,NA,NA,NA,NA,NA,NA,NA,NA,NA,NA,NA,NA,NA,NA,NA,NA,NA,NA,NA,NA,NA,NA,NA,NA,1533.41710891089,1529.33378217822,1525.25045544554
"37","Upper Fourmile Lake",1,"UFM1_074","36.5-37",36.5,37,36.75,0.179750454139387,-29.4335845302166,6.65583177173981,NA,2.50285639252582,0.577075253767509,NA,11.5337327814464,28.8475086968001,57.8045126851697,47.5476872087135,61.8924230006856,6.49832368961347,98.800722372685,69.7803253846884,63.9201799344825,49.9461287697357,427.929806450553,249.271506083767,79.8947747941386,319.051831468455,526.730528823238,382.972011402938,0.279937031235487,1.21571660113421,0.227467492807153,1.71672171109179,0.149028096751153,NA,NA,NA,NA,NA,NA,NA,NA,NA,NA,NA,NA,NA,NA,NA,NA,NA,NA,1517.0838019802,1513.00047524752,1508.91714851485
"38","Upper Fourmile Lake",1,"UFM1_076","37.5-38",37.5,38,37.75,0.0627553529390332,-29.8070106065308,6.99051615084307,NA,2.45795379205772,0.611912043095699,NA,11.4240538811389,NA,NA,NA,NA,NA,NA,NA,NA,NA,NA,NA,NA,NA,NA,NA,NA,NA,NA,NA,NA,NA,NA,NA,NA,NA,NA,NA,NA,NA,NA,NA,NA,NA,NA,NA,NA,NA,NA,1500.7504950495,1496.66716831683,1492.58384158416
"39","Upper Fourmile Lake",1,"UFM1_078","38.5-39",38.5,39,38.75,0.136841741698045,-30.040297557855,7.1329129876068,NA,2.65510652043552,0.62267658963871,NA,11.4552451566317,17.7817923177591,87.1132692785201,88.2360756640394,115.837676453503,16.789865543419,31.8448469482158,51.89214332259,67.7803816336796,32.2544436561858,45.273389841673,456.667825926913,72.2463178268128,508.559969249503,77.1182367898888,576.340350883183,0.113632142175251,0.987274973676364,0.146978788679625,0.0991385582064604,0.173501810994389,NA,NA,NA,NA,NA,NA,NA,NA,NA,NA,NA,NA,NA,NA,NA,NA,NA,NA,1484.41718811881,1480.33386138614,1476.25053465347
"40","Upper Fourmile Lake",1,"UFM1_080","39.5-40",39.5,40,39.75,0.16096614678094,-30.051284584603,6.94096435687342,NA,2.63012062778945,0.599467419932484,NA,11.578551437633,NA,NA,NA,NA,NA,NA,NA,NA,NA,NA,NA,NA,NA,NA,NA,NA,NA,NA,NA,NA,NA,NA,NA,NA,NA,NA,NA,NA,NA,NA,NA,NA,NA,NA,NA,NA,NA,NA,1468.08388118812,1464.00055445545,1459.91722772277
"41","Upper Fourmile Lake",1,"UFM1_082","40.5-41",40.5,41,40.75,0.155842439829236,-30.0441974267797,6.84882088317727,NA,2.67232142350232,0.601097508357964,NA,11.3938600442487,6.38074554947758,48.2517907951944,47.9763599337848,73.4595129030424,9.76762584844784,84.3401764432437,58.0455328245118,34.5626043220679,24.7024377427348,255.47025060743,251.983993702714,130.510738931581,310.029526527226,339.810427050674,344.592130849294,0.230354047380457,1.00574097038187,0.262696094461026,1.01383523156962,0.154747712165317,NA,NA,NA,NA,NA,NA,NA,NA,NA,NA,NA,NA,NA,NA,NA,NA,NA,NA,1451.75057425743,1447.66724752475,1443.58392079208
"42","Upper Fourmile Lake",1,"UFM1_084","41.5-42",41.5,42,41.75,0.159322037916883,-29.6029831745507,6.58560614854107,NA,2.49053268632897,0.584740912106479,NA,11.2624343742547,NA,NA,NA,NA,NA,NA,NA,NA,NA,NA,NA,NA,NA,NA,NA,NA,NA,NA,NA,NA,NA,NA,NA,NA,NA,NA,NA,NA,NA,NA,NA,NA,NA,NA,NA,NA,NA,NA,1435.41726732673,1431.33394059406,1427.25061386139
"43","Upper Fourmile Lake",1,"UFM1_086","42.5-43",42.5,43,42.75,0.101048827874521,-29.6461849802889,6.29523184722166,NA,2.29351820087616,0.560615738325869,NA,11.229138636066,34.1094191860785,47.8430898718693,46.1632049071304,68.2836689123938,10.658244657678,93.7153747636296,61.0191666714075,36.8337342522913,25.0680583066669,285.920383643113,260.177758077182,79.9940190796094,321.196924748589,379.635758406743,358.03065900088,0.234528758808454,1.03639012863423,0.265441894349785,1.0989424528683,0.143722437390282,NA,NA,NA,NA,NA,NA,NA,NA,NA,NA,NA,NA,NA,NA,NA,NA,NA,NA,1419.08396039604,1415.00063366337,1410.91730693069
